ID,creation date,publication date,update date,seo title,seo description,category,user,slug,title,image,short description,description,tags,is active,is published,created at,updated at
52,03/08/2021,,2021-08-03,,,Manufacturing,92,turkey-as-new-global-manufacturing-hub,Turkey as new global manufacturing hub,static/users/xT8WC5PYblpj/Turkey_as_hub_1.jpg,"As per United Nations Statistics Division published data, China accounted for 28.7 percent of global manufacturing output in 2019. This has been a huge leap from 1990 when China used to produce less than 3 percent of global manufacturing output. In this short span of time, China left the US behind which was previously the world‚Äôs manufacturing superpower and thereby leading to US-China trade war.","<h1><span style=""font-size: 0.875rem; font-weight: 400;"">As per United Nations Statistics Division published data, China accounted for 28.7 percent of global
manufacturing output in 2019. This has been a huge leap from 1990 when China used to produce less
than 3 percent of global manufacturing output. In this short span of time, China left the US behind
which was previously the world‚Äôs manufacturing superpower and thereby leading to US-China trade
war.</span><br></h1><div><br></div><div>This has made big multinationals rethink their global supply chains. A recent McKinsey report
suggests that big companies could shift a quarter of their global sourcing to new countries in the next
five years. Climatic risks, cyber-attacks, and the ongoing pandemic are all the factors acting as a
catalyst in bringing the companies to follow the trend.
In such an environment, there are few countries that are trying hard to exploit the opportunity and
project themselves as the manufacturing hub. One such emerging country is Turkey, which shows a
promising future<br></div><div><br></div><div>Is Turkey a new manufacturing destination?
Major consumer markets have mostly preferred Asia based supply system due to cheaper costs, but
global supply chain disruptions due to the COVID situation and various other factors are making them
turn towards new and closer manufacturers.
Turkey has a geographically strategic location right between Europe, Asia, Middle East, and Africa
and has always been regarded as important for global trade. Its value has further been accelerated
by the customs union with EU and an array of FTA‚Äôs with almost 30 countries, giving it access to
millions of customers.<br></div><div><br></div><div>One of the positive points to add about Turkey is its established domestic logistics network enabling
it to ship the goods faster. Its position coupled with the skilled and cost-effective workforce is
considered to be the winning formula for the success of Turkey. Though the labor cost is
comparatively higher than its far east competitors but it is still lower than others due to exchange
rates and local cost.
Manufacturing industries in Turkey are very diverse but the manufacture of textiles is its largest
industry which is very competitive in the international market and earns foreign exchange the most.
There has been a continuous change in the global clothing industry and the demand has also been
from the regions in the Far East and the Southern Hemisphere. Also, with the rise in demand in the
domestic markets in Asian countries, the export balance is changing thereby pulling the production
costs comparatively up. Turkey‚Äôs automation in production, geographical proximity, and economical
cost of production provide significant savings and an edge over its competitors. Turkey has well positioned itself to boost its manufacturing capabilities and capitalize on this opportunity.<br></div><div><br></div><div>Turkish industry and technology minister also noted in March 2021 that the manufacturing industry
was the biggest contributor to Turkey's GDP performance last year amid the pandemic, suggesting it
will only expand further at a faster rate. They have been gearing up for the Fourth Industrial
Revolution and focusing on innovative research and the country‚Äôs digital transformation. Over the
years, the ranking of Turkey by World Bank in terms of ease of doing business has only gotten better
to 33 in 2019. All these conscious efforts and steps taken by the country show the fluidity and
eagerness to grow further as a manufacturing nation.
Turkey faces various roadblocks and challenges in its path to become the go-to for global production.
Few reasons which pull it on the back seat include higher political risks, currency fluctuations, and
language and cultural differences. Turkey needs to address these issues to further increase the
momentum it has gained so far.
Turkey has positioned itself well in the global value chain by offering its flexible production capabilities,
lower labor costs, and exploiting its logistical advantage. It has been focusing on upgrading its
maritime and logistic infrastructure and the government is very hopeful about the country‚Äôs growth
due to its production infrastructure even in the pandemic era.
This pandemic has made it clear that over-reliance on one country could be detrimental for the world
economy and global supply chain while emphasizing the need for diversification. The manufacturing
output of China saw an unprecedented decline due to the COVID situation and this shock has made
businesses lookout for alternatives. Turkey is innovation-driven and possesses the capability to
prosper in manufacturing. It levels out its comparative higher production costs by shorter timelines
and quick adaptability to changing markets.
With the greater focus on automation and technological advances, Turkey can emerge out as a smart
manufacturer in the globally competitive marketplace and be the one-stop destination.<br></div>","['Turkey', 'Global', 'Manufacturing', 'Hub']",True,True,03/08/2021,03/08/2021
51,03/08/2021,,2021-08-03,,,Economy,92,global-economic-prospects,Global Economic Prospects,static/users/xT8WC5PYblpj/getty_813402032_402654.jpeg,,"<div><h3 style=""box-sizing: border-box; font-family: &quot;Open Sans&quot;, sans-serif; line-height: 36px; color: rgb(0, 0, 0); margin: 0px 0px 20px; font-size: 30px; text-align: center; text-transform: none;"">A Strong but Uneven Recovery</h3><div class=""mrg-b-30"" style=""box-sizing: border-box; margin-bottom: 30px; color: rgb(51, 51, 51); font-family: &quot;Open Sans&quot;, sans-serif; font-size: 15px;""><span class=""hidden-xs hidden-sm"" style=""box-sizing: border-box;""><p style=""box-sizing: border-box; margin: 0px 0px 10px;""><a data-customlink=""nl:body content"" data-text=""Image"" href=""https://openknowledge.worldbank.org/bitstream/handle/10986/35647/9781464816659.pdf"" style=""box-sizing: border-box; background-color: transparent; color: rgb(51, 122, 183); text-decoration-line: none; outline: none 0px;""></a></p></span></div></div><span style=""color: rgb(51, 51, 51); font-family: &quot;Open Sans&quot;, sans-serif; font-size: 16px; text-transform: none;"">The global economy is set to expand 5.6 percent in 2021‚Äîits strongest post-recession pace in 80 years. This recovery is uneven and largely reflects sharp rebounds in some major economies. In many emerging market and developing economies (EMDEs), obstacles to vaccination continue to weigh on activity. By 2022, last year‚Äôs per capita income losses will not be fully unwound in about two-thirds of EMDEs. The global outlook remains subject to significant downside risks, including the possibility of additional COVID-19 waves and financial stress amid high EMDE debt levels. Policy makers will need to balance the need to support the recovery while safeguarding price stability and fiscal sustainability and to continue efforts toward promoting growth-enhancing reforms.</span><br>","['Global', 'prospects', 'turkey']",True,True,03/08/2021,03/08/2021
50,03/08/2021,,2021-08-05,,,International Trade,92,can-blockchain-revolutionize-international-trade,Can Blockchain revolutionize international trade?,static/users/xT8WC5PYblpj/323823819_1-3-e1536989049610-696x392.jpeg,,"<h1 class=""mb0"" style=""box-sizing: border-box; margin: 15px 0px 25px; line-height: 1.3;""><span style=""font-size: 18px; font-weight: 400; color: rgb(0, 0, 0);"">Trade Has Always Been Shaped By Technological Innovation. In Recent Times, A New Technology ‚Äì Blockchain ‚Äì Has Been Greeted By Many As The Next Big Game-Changer. This Publication Explores The Question Of Whether Blockchain May Revolutionize International Trade.</span><br></h1><div><p style=""box-sizing: border-box; margin: 0px 0px 10px; font-size: 14px; color: rgb(0, 0, 0); font-family: &quot;Museo Sans 300&quot;;"">Opening with an explanation of the technology, the publication goes on to analyse the relevance of this technology for international trade by reviewing how it is currently used and how it may potentially be used in the various areas covered by WTO rules. In doing so, it offers insights into the extent to which this technology could affect cross-border trade in goods and services and in intellectual property rights.</p><p style=""box-sizing: border-box; margin: 0px 0px 10px; font-size: 14px; color: rgb(0, 0, 0); font-family: &quot;Museo Sans 300&quot;;"">The publication also discusses the potential of Blockchain for reducing trade costs and enhancing supply chain transparency, as well as the opportunities it provides for small-scale producers and companies. It concludes with a review of various challenges that must be addressed before the technology can be used on a wide scale and have a significant impact on international trade.</p></div>","['blockchain', 'international', 'trade', 'turkey', 'export']",True,True,03/08/2021,03/08/2021
49,03/08/2021,,2021-08-03,,,Online Export,92,how-joining-online-trade-platforms-can-help-smes-to-mitigate-the-risks-involved,How joining online trade platforms can help SMEs to mitigate the risks involved,static/users/xT8WC5PYblpj/Joining_online_platforms.jpg,,"
		
	
	
		<div class=""page"" title=""Page 1"">
			<div class=""layoutArea"">
				<div class=""column"">
					<p>
		
	
	
		</p><div class=""page"" title=""Page 1"">
			<div class=""layoutArea"">
				<div class=""column"">
					<p><span style=""font-size: 14.000000pt; font-family: 'Cambria'; font-weight: 700"">How joining online trade platforms can help SMEs to mitigate the risks
involved&nbsp;</span></p>
				</div>
			</div>
		</div><p><span style=""font-size: 12.000000pt; font-family: 'Calibri'; font-weight: 700; color: rgb(1.960000%, 38.800000%, 75.700000%)"">Small and medium-sized enterprises (SMEs) </span><span style=""font-size: 12.000000pt; font-family: 'Calibri'; font-weight: 700"">that are trying to expand their wings further
and grow can derive a great amount of benefit through online trade portals. </span><span style=""font-size: 12.000000pt; font-family: 'Calibri'"">Digitalization
is inevitable now in every sector and it will only gain momentum. Those who enjoy the
advantages of these services might just strut around in the market showing off their
intelligence. Funny right? Though it would be good to see something like this actually
</span><span style=""font-size: 12.000000pt; font-family: 'Calibri'"">happening, don‚Äôt you think? </span><span style=""font-size: 12.000000pt; font-family: 'SegoeUIEmoji'"">üòâ&nbsp;</span></p><p>
		
	
	
		</p><div class=""page"" title=""Page 1"">
			<div class=""layoutArea"">
				<div class=""column"">
					<p><span style=""font-size: 12.000000pt; font-family: 'Calibri'"">To start with</span><span style=""font-size: 12.000000pt; font-family: 'Calibri'; font-weight: 700"">, such online marketplaces help businesses to showcase their products on a
platform where international buyers, international shipping companies, and manufacturing
companies are present. </span><span style=""font-size: 12.000000pt; font-family: 'Calibri'"">Starting a new e-commerce website from the scratch would incur a
</span><span style=""font-size: 12.000000pt; font-family: 'Calibri'; font-weight: 700"">lot of costs which are reduced by the presence of these platforms</span><span style=""font-size: 12.000000pt; font-family: 'Calibri'"">. Also, because of the
parties involved on this platform, it allows you to choose and connect with the right partner
and </span><span style=""font-size: 12.000000pt; font-family: 'Calibri'; font-weight: 700"">not waste time otherwise</span><span style=""font-size: 12.000000pt; font-family: 'Calibri'"">.
</span></p>
					<p><span style=""font-size: 12.000000pt; font-family: 'Calibri'"">Most of such platforms </span><span style=""font-size: 12.000000pt; font-family: 'Calibri'; font-weight: 700"">assess all the buyers and sellers that register and check for their
credibility and trustworthiness through their scoring system and past transactions</span><span style=""font-size: 12.000000pt; font-family: 'Calibri'"">.
Therefore, it</span><span style=""font-size: 12.000000pt; font-family: 'Calibri'"">‚Äô</span><span style=""font-size: 12.000000pt; font-family: 'Calibri'"">s easier for the new user to be assured that verified traders would be involved.
Along with all these safety measures, </span><span style=""font-size: 12.000000pt; font-family: 'Calibri'; font-weight: 700"">online trading platforms put a lot of focus on the
security of transactions through </span><span style=""font-size: 12.000000pt; font-family: 'Calibri'; font-weight: 700; color: rgb(1.960000%, 38.800000%, 75.700000%)"">blockchain technology </span><span style=""font-size: 12.000000pt; font-family: 'Calibri'; font-weight: 700"">and by holding the payments in
escrow accounts till the goods are delivered. </span><span style=""font-size: 12.000000pt; font-family: 'Calibri'"">This ensures that all the parties involved feel
secure and satisfied at the end.</span></p>
		
	
	
		<div class=""page"" title=""Page 2"">
			<div class=""layoutArea"">
				<div class=""column"">
					<p><span style=""font-size: 12.000000pt; font-family: 'Calibri'; font-weight: 700"">Battling with the </span><span style=""font-size: 12.000000pt; font-family: 'Calibri'; font-weight: 700; color: rgb(1.960000%, 38.800000%, 75.700000%)"">COVID-19 </span><span style=""font-size: 12.000000pt; font-family: 'Calibri'; font-weight: 700"">headwinds for more than a year now also has made SMEs realize
that it is very risky to depend on the same suppliers and manufacturers</span><span style=""font-size: 12.000000pt; font-family: 'Calibri'"">, thereby posing the
need to proactively look for alternate sources and form new connections. Online trade
platforms aid such enterprises in </span><span style=""font-size: 12.000000pt; font-family: 'Calibri'; font-weight: 700"">diversifying their revenue streams and safeguard the
parties involved.
</span></p>
					<p><span style=""font-size: 12.000000pt; font-family: 'Calibri'; font-weight: 700"">Positive feedback from your clients </span><span style=""font-size: 12.000000pt; font-family: 'Calibri'"">also helps in beating the competition which is being
showcased on these online platforms. This enables the new buyer or supplier to decide
without much effort.
</span></p>
					<p><span style=""font-size: 12.000000pt; font-family: 'Calibri'"">In essence, it is always easier and beneficial for SMEs to manage their business online and
make it profitable through such online trading platforms. These e-commerce platforms help
in making business connections among verified parties, avoiding fraud cases, and over the
time making partnerships that cement their status. It is a must for SMEs to exploit such
services and take advantage of such online platforms for connecting with the right people,
growing and mitigating the risks involved in the trade.
</span></p>
					
				</div>
			</div>
		</div><p><span style=""font-family: Calibri; font-size: 12pt; font-weight: 700;"">If you are looking for such a safe and secure online platform to make your company grow
and reach new heights, discover thousands of potential buyers and sellers; Koytola is there
to cater to your needs and help you. We are always happy to help.</span><span style=""font-size: 12.000000pt; font-family: 'Calibri'"">&nbsp;</span></p>
				</div>
			</div>
		</div>
				</div>
			</div>
		</div>","['SME', 'Microexport', 'Turkey', 'Trading']",True,True,03/08/2021,03/08/2021
48,03/08/2021,,2021-08-03,,,Microexport,92,what-is-micro-exporting-and-why-to-go-for-this,What is Micro-exporting and why to go for this ? ,static/users/xT8WC5PYblpj/Micro-exports.jpg,,"
		
	
	
		<div class=""page"" title=""Page 1"">
			<div class=""layoutArea"">
				<div class=""column"">
					<p><b><font face=""Calibri""><span style=""font-size: 14.6667px;"">A Complete Guide To Micro-Exports And Its Benefits For Small Businesses&nbsp;</span></font><br></b></p><p><span style=""font-size: 11pt; font-family: Calibri;"">A professional swimmer must have also started his journey from a baby pool before racing in the long
</span><span style=""font-size: 11pt; font-family: Calibri;"">course pool, isn‚Äôt it? It‚Äô</span><span style=""font-size: 11pt; font-family: Calibri;"">s always the first step that matters and then things start to roll out in some way
or the other.</span><br></p>
					<p><span style=""font-size: 11.000000pt; font-family: 'Calibri'"">With great ideas and products, even the students and homemakers are setting up their businesses
and earning their livelihood. For any wannabe entrepreneur, there is a limit to the growth prospect in
the domestic market as ultimately the stagnation comes or brings the business to a stand-still or
towards the end of the PLC after a certain period of time unless something new is being added
continuously.
</span></p>
					<p><span style=""font-size: 11.000000pt; font-family: 'Calibri'; font-weight: 700"">Exporting the products or services to foreign markets is one such way of elongating the PLC,
expanding the customer base, diversifying the risks into multiple markets, reducing the per-unit
costs, and gaining knowledge and insights from competitors abroad. </span><span style=""font-size: 11.000000pt; font-family: 'Calibri'"">Though the rewards seem very
lucrative, most small businesses do not move ahead further in this direction because of the foreign
regulations, tariffs and customs procedures, cumbersome paperwork, and payment collection issues.
</span><span style=""font-size: 11.000000pt; font-family: 'Calibri'; font-weight: 700"">It is daunting at first as the customs clearance process is very detailed and requires intensive
documentation.&nbsp;</span></p><p><span style=""font-size: 11pt; font-family: Calibri;"">Something that comes as a savior at the initial level is </span><span style=""font-size: 11pt; font-family: Calibri; font-weight: 700;"">Micro-exporting </span><span style=""font-size: 11pt; font-family: Calibri;"">which would help the
businesses to establish the relationship in the foreign market while gaining an understanding of
market needs without having to go through a detailed custom clearance process.&nbsp;</span><br></p><div class=""page"" title=""Page 2"">
			<div class=""layoutArea"">
				<div class=""column"">
					<p><span style=""font-size: 12.000000pt; font-family: 'Cambria'; font-weight: 700"">What is Micro-Export?
</span></p>
					<p><span style=""font-size: 11.000000pt; font-family: 'Calibri'; font-weight: 700"">Micro Export is the type of export that covers shipments up to 300kg and 15.000 Euros (excluding
VAT). Shipments under these limits can be declared with </span><span style=""font-size: 11.000000pt; font-family: 'Calibri'; font-weight: 700; color: rgb(1.960000%, 38.800000%, 75.700000%)"">ETGB (Electronic commerce customs
declaration) </span><span style=""font-size: 11.000000pt; font-family: 'Calibri'; font-weight: 700"">through </span><span style=""font-size: 11.000000pt; font-family: 'Calibri'; font-weight: 700; color: rgb(1.960000%, 38.800000%, 75.700000%)"">indirect representation</span><span style=""font-size: 11.000000pt; font-family: 'Calibri'; font-weight: 700"">. In this arrangement, there is no need for a customs
broker and regular customs declaration.
</span></p>
					<p><span style=""font-size: 11.000000pt; font-family: 'Calibri'"">To speed up the complete process, the entire bureaucracy and the process of customs clearance of
the goods sent or received by seaway, highway, airway, or fast cargo is carried out in the digital
environment.
</span></p>
					<p><span style=""font-size: 12.000000pt; font-family: 'Cambria'; font-weight: 700"">What all is not covered in Micro-exports?
</span></p>
					<ul style=""list-style-type: disc"">
						<li style=""font-size: 11.000000pt; font-family: 'SymbolMT'"">
							<p><span style=""font-size: 11.000000pt; font-family: 'Calibri'"">Those items whose gross weight exceeds 300 kg and value is more than 15.000 Euro
</span></p>
						</li>
						<li style=""font-size: 11.000000pt; font-family: 'SymbolMT'"">
							<p><span style=""font-size: 11.000000pt; font-family: 'Calibri'"">Temporary Shipments for Exhibition Purposes
</span></p>
						</li>
						<li style=""font-size: 11.000000pt; font-family: 'SymbolMT'"">
							<p><span style=""font-size: 11.000000pt; font-family: 'Calibri'"">Items which are used for Repair Purposes
</span></p>
						</li>
						<li style=""font-size: 11.000000pt; font-family: 'SymbolMT'"">
							<p><span style=""font-size: 11.000000pt; font-family: 'Calibri'"">Products that do not have any costs
</span></p>
						</li>
						<li style=""font-size: 11.000000pt; font-family: 'SymbolMT'"">
							<p><span style=""font-size: 11.000000pt; font-family: 'Calibri'"">Various Controlled products like Medicines, chemicals, supplements, mobiles, etc.
</span></p>
						</li>
						<li style=""font-size: 11.000000pt; font-family: 'SymbolMT'"">
							<p><span style=""font-size: 11.000000pt; font-family: 'Calibri'"">Inward and outward processing etc. things
</span></p>
							<p><span style=""font-size: 12.000000pt; font-family: 'Cambria'; font-weight: 700"">What all documents are required for Micro-exports?
</span></p>
						</li>
					</ul>
				</div>
			</div>
			
			
			
			<div class=""section"">
				<div class=""layoutArea"">
					<div class=""column"">
						<p><span style=""font-size: 11.000000pt; font-family: 'Calibri'"">Below mentioned are the documents which are needed for the approval of micro-exports products in
customs: -
</span></p>
					</div>
				</div>
				<div class=""layoutArea"">
					<div class=""column"">
						<ul style=""list-style-type: disc"">
							<li style=""font-size: 11.000000pt; font-family: 'SymbolMT'"">
								<p><span style=""font-size: 11.000000pt; font-family: 'Calibri'"">Indirect Representation Authorisation Document
</span></p>
							</li>
							<li style=""font-size: 11.000000pt; font-family: 'SymbolMT'"">
								<p><span style=""font-size: 11.000000pt; font-family: 'Calibri'"">Micro Export Transport Information Form (Job Order)
</span></p>
							</li>
							<li style=""font-size: 11.000000pt; font-family: 'SymbolMT'"">
								<p><span style=""font-size: 11.000000pt; font-family: 'Calibri'"">Original Invoice (Finance approved and Turkish)
</span></p>
							</li>
							<li style=""font-size: 11.000000pt; font-family: 'SymbolMT'"">
								<p><span style=""font-size: 11.000000pt; font-family: 'Calibri'"">Invoice in English or German to be used for declaration in the country of shipment
</span></p>
							</li>
							<li style=""font-size: 11.000000pt; font-family: 'SymbolMT'"">
								<p><span style=""font-size: 11.000000pt; font-family: 'Calibri'"">Treasury approved invoice
</span></p>
							</li>
							<li style=""font-size: 11.000000pt; font-family: 'SymbolMT'"">
								<p><span style=""font-size: 11.000000pt; font-family: 'Calibri'"">ATR Certificate of Circulation to be exempt from customs tax
</span></p>
							</li>
						</ul>
					</div>
				</div>
				<div class=""layoutArea"">
					<div class=""column"">
						<p><span style=""font-size: 11.000000pt; font-family: 'Calibri'"">These documents are to be put in an envelope with the Bill of Lading written on it and to be sent to
the firm that offers micro-export cargo.
</span></p>
					</div>
				</div>
			</div>
			<div class=""layoutArea"">
				<div class=""column"">
					<p><span style=""font-size: 12.000000pt; font-family: 'Cambria'; font-weight: 700"">Why choose Micro-exporting and what are its advantages?
</span></p>
					<p><span style=""font-size: 11.000000pt; font-family: 'Calibri'; font-weight: 700"">It seems uncertain and intimidating to expand the business in a foreign land at the early stage. </span><span style=""font-size: 11.000000pt; font-family: 'Calibri'"">So,
it is always better to taste the waters and measure the depth before entering into it so that all the
necessary equipment required for safety could be carried along and kept handy.<br>
Micro-export does the same, where without much complicated legal or paperwork, products can be
sent abroad and test the markets. This also helps in making the relationship with the people involved
in the trade. Below are some advantages of trying hands on Micro-exports: -
</span></p>
					<ul style=""list-style-type: disc"">
						<li style=""font-size: 11.000000pt; font-family: 'SymbolMT'"">
							<p><span style=""font-size: 11.000000pt; font-family: 'Calibri'"">Custom brokerage and deposit fees are not needed to be paid
</span></p>
						</li>
						<li style=""font-size: 11.000000pt; font-family: 'SymbolMT'"">
							<p><span style=""font-size: 11.000000pt; font-family: 'Calibri'"">No need to pay the exit warehouse fee
</span></p>
						</li>
						<li style=""font-size: 11.000000pt; font-family: 'SymbolMT'"">
							<p><span style=""font-size: 11.000000pt; font-family: 'Calibri'"">It is not mandatory to do Exporters‚Äô Union registration
</span></p>
						</li>
						<li style=""font-size: 11.000000pt; font-family: 'SymbolMT'"">
							<p><span style=""font-size: 11.000000pt; font-family: 'Calibri'"">No notary fee is involved as there is no need for the power of attorney
</span></p>
						</li>
						<li style=""font-size: 11.000000pt; font-family: 'SymbolMT'"">
							<p><span style=""font-size: 11.000000pt; font-family: 'Calibri'"">Minimized paperwork helps in saving a lot of time
</span></p>
						</li>
						<li style=""font-size: 11.000000pt; font-family: 'SymbolMT'"">
							<p><span style=""font-size: 11.000000pt; font-family: 'Calibri'"">Fast delivery of export products to the final receiver
</span></p>
						</li>
						<li style=""font-size: 11.000000pt; font-family: 'SymbolMT'"">
							<p><span style=""font-size: 11.000000pt; font-family: 'Calibri'"">The VAT refund procedures are easy
</span></p>
						</li>
					</ul>
				</div>
			</div>
		</div><p>
		
	
	
		
		</p><div class=""page"" title=""Page 3"">
			<div class=""layoutArea"">
				<div class=""column"">
					<ul>
						<li style=""font-size: 11.000000pt; font-family: 'SymbolMT'"">
							<p><span style=""font-size: 11.000000pt; font-family: 'Calibri'"">Declaration archive is not required
</span></p>
						</li>
						<li style=""font-size: 11.000000pt; font-family: 'SymbolMT'"">
							<p><span style=""font-size: 11.000000pt; font-family: 'Calibri'"">In Micro-export, it is not required for the exporters to comply with the general regime in
</span></p>
							<p><span style=""font-size: 11.000000pt; font-family: 'Calibri'"">bringing the export money into the country (Article 22 of the CBRT General CommuniqueÃÅ on
6.11.2018)
</span></p>
							<p><span style=""font-size: 11.000000pt; font-family: 'Calibri'; font-weight: 700"">Micro-exporting is an easier way to enter into global waters without having to deal with customs
clearance procedures, intense documentation, and the process is faster since it is digitalized. </span><span style=""font-size: 11.000000pt; font-family: 'Calibri'"">It‚Äôs a
</span><span style=""font-size: 11.000000pt; font-family: 'Calibri'"">boon for budding entrepreneurs who wants to start up with their journey while simultaneously
growing in domestic and global markets.
</span></p>
							<p><span style=""font-size: 11.000000pt; font-family: 'Calibri'; font-weight: 700"">Koytola helps you in finding the verified international buyers with so much ease and supports you
in the whole process. We are committed to serving our users in the best possible way.&nbsp;</span></p>
						</li>
					</ul>
				</div>
			</div>
		</div>
				</div>
			</div>
		</div>","['Turkey', 'Micro', 'export', 'micro-export']",True,True,03/08/2021,03/08/2021
44,24/06/2021,,2021-08-03,,,Global Trade,92,understanding-incoterms-2020-and-why-are-they-crucial-for-global-trade,Understanding Incoterms 2020 and why are they crucial for Global trade?,static/users/xT8WC5PYblpj/Incoterms_1.jpg,,"<div>If you have been doing business in domestic markets, perhaps the local conventions, nomenclatures, and rules suffice for it. But in the case of international trade, chaos and confusion come into the picture due to different countries following different trade rules. There are language barriers and the connotations of the terms might vary too; hence incoterms.</div><div>What are Incoterms?&nbsp;&nbsp;</div><div>Incoterms are international commercial terms published by ICC. They are globally accepted, standardized and authoritative rules determining the responsibility of the parties involved in the international trade. In simplest terms, it is an agreement between the parties, which decides who will be responsible if anything goes wrong in the whole process.</div><div><br></div><div><div>Incoterms influence almost all aspects of the business but they are just part of the whole export contract and do not deal with the method of payment or breach of contract.</div><div>Incoterms are updated periodically and are used as abbreviations, each signifying the roles and responsibilities in a precise manner. You can see the complete list of Incoterms 2020 here.</div><div>But before we delve into its importance, let‚Äôs understand Incoterm with an example.</div><div>There is a seller Company A which deals with industrial machinery and is located in Frankfurt (Germany). The machinery is being sold to a buyer firm in Delhi (India). The pre-carriage here involves shipping the machine from Frankfurt warehouse to Hamburg port, the main carriage through the ship from Hamburg port to Mumbai port, and on-carriage shipping in a truck from Mumbai port to New Delhi (Buyer‚Äôs location).</div><div>The naming of incoterm would be:</div><div>CIP ‚Äì Hamburg port ‚Äì Mumbai port</div><div>‚Ä¢ CIP = Carriage and Insurance Paid to</div><div>‚Ä¢ Place of Delivery = Hamburg Port</div><div>‚Ä¢ Place of Incoterms destination = Mumbai Port</div></div><div><br></div><div><div>This signifies and answers so many questions:</div><div>o The seller bears the risk if the machine is damaged during the transport until the place of delivery (Hamburg port), and then it is transferred to the buyer.</div><div>o The freight costs; pre-carriage, main carriage until the place of destination (Mumbai port) has to be paid by the seller and after that the buyer.</div><div>o The seller will have to get the insurance cover against the buyer‚Äôs risk till the place of destination (Mumbai port), after that the buyer.</div><div>Here we can see that Incoterms clarify monetary and procedural aspects and guide the individuals participating in International trade.</div><div>Why Incoterms?</div><div>It is imperative for buyers and sellers to understand the contract details and what responsibilities it entails, which tasks are to be performed, and till what stage the risks and costs are associated with each party.</div><div>‚Ä¢ Incoterms helps in reducing the risk by eliminating the language inconsistencies globally by bringing all the parties involved on the same page and terms in a trade agreement</div><div>‚Ä¢ Standardization and total clarity of rules reduces unfair business practices</div><div>‚Ä¢ Clearly defined terms, rules, and responsibilities reduces the risk of legal complications</div><div>Its proper usage and utilization can lead to long term relationship between the buyers and sellers without any confusion on the trade terms and practices. It also helps in the reduction of freight costs for the buyers and sellers and fastens the total supply chain process.</div><div>COSTRISKINSURANCEFRANKFURTPRE-CARRIAGEHAMBURG PORTMUMBAI PORTON-CARRIAGENEW DELHIMAIN CARRIAGESELLERBUYERSALES CONTRACT(CIP ‚ÄìHAMBURG PORT ‚ÄìMUMBAI PORT)</div><div>Incoterms are still under-utilized and more awareness should be brought up for better communication among the parties involved in trade globally and ultimately avoid cross-cultural misunderstandings or any ambiguity in the contract.</div></div>","['incoterms', 'koytola', 'trade', 'exporter']",True,True,24/06/2021,24/06/2021
43,24/06/2021,,2021-08-03,,,trade ,92,international-trade-opportunities-in-turkey-amid-covid-19-pandemic,International trade opportunities in Turkey amid COVID-19 Pandemic,static/users/xT8WC5PYblpj/Turkey_amid_COVID.jpg,,"<div>The future is uncertain and we definitely cannot shy away from its inevitability. The change this pandemic is <b>bringing in the world</b> is far from what anyone could have ever anticipated. It has created havoc in the lives of people worldwide and has left us to grapple with the challenges. The aura of despondency created by this crisis is impacting every aspect of life; be it physical, social, psychological, or financial. Economic Impact across the world The economic meltdown has been a by-product of this pandemic and no wonder WTO (World Trade Organization) estimates global trade fell 9.2% in 2020. The interconnection and inter-dependencies of world trade make this virus economically contagious too. There are restrictions and lockdowns put by the governments to curb the further spread of the virus and thereby affecting the consumers getting to stores or travel, eventually depleting the demand from the market. But in such scenarios, the psychological aspect also comes into play where consumers are scared and investors wait-and-see and tend to delay their purchases or investments. Major shocks across the world resulting in the derailment of international trade: 1. Supply-side shock: Factory closures, drop in employment, global supply chain disruptions, retrenchment in service sector industries 2. Demand-side shock: Decline in transportation, tourism, restaurants, recreational activities, education services, etc. This pandemic has posed daunting challenges to the survival of domestic or international trade. It has led to a dramatic decline in FDI flows, reduction in global production and employment and overall contraction of economies. While no country is spared from its negative impact, Turkey has still performed well in such circumstances. Let‚Äôs take a look in detail: Impact of the pandemic on Turkey Turkey, like any other country, has been affected by COVID 19 through regular channels of supply and demand shocks. There was a significant percentage of growth rate decline in the first and second quarter of 2020, but the combination of expansionary fiscal and monetary policies yielded 6.7% of growth in the third quarter of 2020. On the other hand, cheap lending expedited a record drop in LIRA, brought down the country‚Äôs foreign currency reserves, and pushed inflation to 15%. One more important aspect to consider here is the increased trade deficit in turkey during pandemic hit 2020. It already stood at around $30 billion in 2019, which further widened in 2020 due to increased imports and fall in the exports. Despite all this, Turkey is amongst one of those few countries globally that could avoid the contraction in the economy due to the Coronavirus pandemic and its growth rate was 1.8% as a whole in 2020. Turkey‚Äôs supply chain is not dependent on China and the Turkish Exporters' Assembly revealed that Turkish products were exported to some 206 countries in November 2020 suggesting</div><div>recovery continuing successfully. As per the Reuters polls of economists, turkey is expected to grow its GDP by more than 5% mostly supported by 16-20% growth in exports after the 2020 crisis. Positive Trends and growth prospects of Turkey in 2021</div><div><br></div><div><div>Downturns and crisis somehow offer a prospect of outplaying the opponents or competitors. In fierce competition with China, Turkey could maintain annual medical exports of $5 billion in 2020 fueled by the mistrust among countries for China. Turkey has been pretty proactive in exploiting the opportunity in such a dire situation. Turkey‚Äôs economy is expected to grow at 4.8% in 2021, bouncing back from the collapse brought by the pandemic, as per a Reuters poll. Turkish Exporters Assembly Chairman Ismail G√ºlle emphasized that pandemic has changed the shape of trade transactions and they need to invest and focus more on research and development. COVID crisis has created a temporary reduction in production capacities worldwide; with the local production costs being low in Turkey and broad manufacturing sector, it can be identified as the new production or logistics facility by the world. The weak Turkish LIRA also makes the exports comparatively cheaper. Turkey still has high untapped potential in international trade and that can be significantly brought out by further digital transformation. This pandemic has strengthened the need for companies to be more creative with their business models while integrating themselves with digitalization. The government has particularly stressed upon the fact that they would be focusing on and supporting digital marketing activities to boost e-exports. In a recent Turkish-Sweden Joint Economic and Trade Committee (JETCO) meeting held online, both countries discussed long-term trade relations and ways to boost their bilateral trade volumes $5 billion</div><div>in a balanced way. The finance minister also mentioned that the production and overall trade has come to a better position even in comparison to the pre-pandemic times. The Turkish finance minister stated that half of the economic growth of Turkey in 2021 will come from foreign trade. He also told in February 2021, that there has been trade deficit shrinkage in the new year with a rise in exports and decline in imports, showing an overall positive sign amid pandemic. This definitely brought euphoria among traders in Turkey as news hit headlines of exports reaching new heights in April 2021 and outpacing the pre-pandemic levels. Turkey‚Äôs customs union agreement with the EU coupled with its strategic location and capable human infrastructure offers a great advantage in attracting investors globally. Also, the government‚Äôs attention and efforts to boost the exports of country shows the opportunities it offers for the small and medium-sized enterprises in Turkey to turn into a successful exporter. The recurring wave of COVID is leaving the world bewildered and keeping nations on their toes to handle the human suffering and unprecedented economic shock. A strong economy can always help in dealing with such circumstances in a better way. All these trends are suggestive of the fact that recovery in Turkey from pandemic hit 2020 is on track and strategic steps can defer or completely avoid any further damage. It also motivates the small enterprises to think big and enter into the international trade through digital medium amid Pandemic. For showcasing your products and finding buyers globally, register yourself with Koytola and we are there to help you at every step to achieve your goal.</div></div>","['turkey', 'exporter', 'importer']",True,True,24/06/2021,24/06/2021
42,24/06/2021,,2021-08-03,,,Corporate Culture,92,why-is-right-corporate-culture-indispensable-for-survival,Why is Right Corporate Culture indispensable for survival?,static/users/xT8WC5PYblpj/Right_corporate_culture.jpg,,"<div>""You can have all the right strategy in the world; if you don't have the right culture, you're dead."" - Patrick Whitesell</div><div>This statement by Patrick Whitesell, Co-CEO at WME speaks volumes about the significance of the right culture in an organization. More than ever there has been quite a buzz around corporate culture now and how it‚Äôs challenging to recognize its state inside the company. Before we dive deep into its dynamics, let‚Äôs take a step back to first understand what exactly the corporate culture is.</div><div>What is Corporate Culture?</div><div>All companies aim to provide the best of products and services to their customers. While that should be the case; how would anyone achieve it if the employees working in that organization are not happy and thus not productive? If the family members in a house are fighting with each other and do not know on what principles they exist, what are their values, how are they going to welcome an outsider and treat him well? The internal dynamics of a company is reflected in the teams‚Äô efficiency and their experience with the customers.</div><div>Corporate Culture is, therefore, sum-total of how the employees interact with each other at their workplace. It includes rules &amp; guidelines, frameworks, policies, norms and the values on which the company works. It can be seen embedded in the day to day activities and processes of a company such as hiring, rewards systems and promotions etc.</div><div>While defining corporate culture in words might seem simple, but in reality, it‚Äôs very complicated to ascertain what kind of culture exists and what impact it holds on organization, business, employees and customers.</div><div><br></div><div><div>Holistic Impact of Culture</div><div>As per Deloitte‚Äôs report, it has been found that Exceptional Organizations think about their business as a two-sided ledger: strategy and culture. Also, the majority of executives and employees believe that workplace culture is important for business success.</div><div>While the strategy is more of a logical approach to running the business and ensuring that the organizational resources, structure and design, portfolios and management fit together in such a way to create the maximum value; Culture, on the other hand, is more of intangible aspect which focuses on people factor and ensures that employees can thrive in the workplace.</div><div>When analyzed deeply, one can realize that employees are the main asset of any organization. One person might have the best of ideas but to implement it in reality, a team is needed. If those people are not taken care of if they are not happy if they are not well - what result do you expect? CFO has co-related the fact that companies with good cultures positively impact their share prices. This should not come to anybody as a surprise since positive environment impacts the employee‚Äôs mental, physical and emotional well-being and thereby transforms the organization into an efficient team.</div><div>Indeed, culture can‚Äôt be measured in quantifiable terms but it definitely can be seen in the long term performance of the company. Though no two companies can have the same culture and values, still there are few attributes which are found common in them:</div><div>‚Ä¢ Brand identity</div><div>‚Ä¢ Attract talent</div><div>‚Ä¢ Loyal and engaged workforce</div><div>‚Ä¢ Higher retention of talent</div><div>‚Ä¢ Delighted and loyal customers</div><div>‚Ä¢ Innovation</div><div>As per the Harvard Business Review, firms with rich corporate culture have more chances to outperform the ‚Äòculturally unremarkable‚Äô competitors. Thus, the right corporate culture is good for business in the long run. Now that we have understood about what corporate culture is and how it affects the organization; the question which arises is why and how it is crucial for even survival?</div><div>Why the right culture is crucial in current times?</div><div>‚Ä¢ Organizations which are satisfied with the status quo and not innovating will surely fall off the cliff very soon</div><div>‚Ä¢ Those who are still working with management by fear methodology will no longer be able to retain the talent especially the millennials</div><div>‚Ä¢ Culture of over-work will not be able to sustain the growth in the longer run</div><div>What is common in all the above scenarios? Focus on employees and work-life balance is missing. In Business Roundtable, the top CEO‚Äôs of the companies agreed and realized that in changing times the focus on employees and customers is of paramount importance and not just the shareholders. Only when the employees are happy and find meaning in their work, they can satisfy the customers.</div><div>Setting realistic goals, maintaining diversity while ensuring inclusion and employees working together towards clearly defined mission sharing same values are few factors which would help the company achieve the right culture in the organization.</div><div>All the successful leaders have put great emphasis on the relevance of culture ever-evolving market. In the book ‚ÄúWho Says Elephants Can‚Äôt Dance?‚Äù Lou Gerstner, former CEO and Chairman of IBM (1993-2002) wrote :&nbsp;</div></div><div><br></div><div><div>‚ÄúI came to see in my time at IBM that culture isn‚Äôt just one aspect of the game - it is the game. In the end, an organization is nothing more than the collective capacity of its people to create value.‚Äù</div><div>Again, Adam Bryant in his book ‚ÄúQuick and Nimble‚Äù has compared the successful culture with the greenhouse where people and ideas can flourish.</div><div>Right corporate culture can take an organization to a zenith in the long run; on the other hand toxic culture can let the company hit its bottom and succumb to death eventually. When asked upon few companies would sound unaware about their culture as if it‚Äôs not something to be focused upon; results have been found detrimental in such cases.</div><div>Tony Hsieh, CEO of Zappos.com, shared about the dangers of not giving enough weightage to the culture in his start-up LinkExchange. He mentioned that the main reason for selling the company to Microsoft was that their culture went completely downhill and the employees were not willing to come to the office even though they worked day and night to make it work.</div><div>While the above one is an example of not prioritizing the culture; there are companies which developed toxic cultures thereby leading to their downfall.</div><div>Theranos‚Äô case is the classic example where toxic culture inside the company led to complete shutdown and massive fraud charges against them. We all know that Leaders lead by example and to a great extent affect the way people in that organization work and perceive the things. In Theranos‚Äô case, top leaders Ms Holmes and Mr Balwani were the main reason behind the dysfunctional culture as they would object to any employee who would not agree with them and raise a concern. Management by fear, secrecy, hype and overworking was an integral part of their company.</div><div>Similar such example is of United Airlines, where the CEO Oscar Munoz tried to defend the violent deplaning of passenger and wrote to employees in an internal letter that he stands behind them and commend that they went above and beyond to ensure their functioning was smooth. While this mail might sound motivating but it implies that top management only cares about the process and not about the people. It depicts that the status of employees in that organization is at a very low level. These companies have cultural problems deep-rooted in their top management which ultimately percolates down to their employees.</div><div>Reputation or Brand Value takes a lot of toils and hard work to be built but cultural problems can lead to their failures sooner than anybody can think as seen above and can completely tarnish the image. In nutshell, we can deduce from the discussion that for any organization to succeed or even to survive, right cultural integration is indispensable.</div></div>",[],True,True,24/06/2021,24/06/2021
41,24/06/2021,,2021-08-03,,,Supply,92,suez-canal-obstruction-and-fragility-of-global-supply-chain,Suez Canal Obstruction and fragility of global supply chain,static/users/xT8WC5PYblpj/Evergreen_Ever_Given.jpg,,"<div><span style=""font-size: 0.875rem;"">The whole world <b>took</b> a sigh of relief as the mammoth container ship ‚ÄúEver Given‚Äù re-floated in waters after getting stuck for 6 days. Suez Canal, the world‚Äôs busiest shipping corridor facilitating 12% of the global trade and allowing 30% of the container ship traffic on daily basis came to a complete halt due to this unprecedented obstruction.</span><br></div><div><div>No parking zone: This isn‚Äôt really a place to park the ships?</div><div>Approximately 369 ships carrying vital fuel and cargos were queuing to pass and some even took another longer route at a larger cost. It had cost $10 billion of trade every day and everyone could be seen literally freaking out or chewing the nails in anxiety as to how long it would last.</div><div>Though the ship resumed its course after 6 long days of dredging and excavation work, the disruptive ripples can be felt worldwide for weeks to come. The analysts expect at least 10-12 weeks of disturbance and the after-effects can‚Äôt still be ascertained.</div><div>The already pandemic hit the global supply chain had to bear this brunt.</div><div>How about putting a fragile tag?</div><div>Such incidents make us realize how vulnerable is our system. The Suez Canal passageway is responsible for 7% of the world‚Äôs oil supply and this blockage led to oil prices going up and other commodities too in anticipation of what the future might unveil. Every such crisis brings along financial fallout handy.</div><div>High winds and poor visibility were all that took to bring the world‚Äôs longest canal to a deadlock. All the trading companies, freight firms, insurance providers came on a hook at this time. Japan stepped up in co-operation with Russia over the alternative trans-Siberian railway and Northern sea route; and such thought of needing a backup plan must have crossed everyone‚Äôs mind. This also made Egypt officially released a statement about its plan to expand and deepen the Suez Canal waterway.</div><div>This is kind of a wake-up call for everyone associated with International Trade that we are operating in an ecosystem that is highly vulnerable and volatile to anything happening across the world.</div><div>Globalisation has made the world come so close and inter-connected that any mishap in one corner brings the impact on the other end too.</div><div>We need to continuously innovate and redesign our strategy to survive and grow, else we will face grave consequences of believing that we might not need a plan B. Be it pandemic, such supply chain impasse or cyber-attack; are we ready to face the crisis head-on or succumb to it leading to ultimate fall.</div></div>","['trade', 'exporter', 'importer', 'suez canal']",True,True,24/06/2021,24/06/2021
