ID,product,image,ppoi,alt text,index,order
3976,apple,products/test_zKnquDm.jpg,"(0.5, 0.5)",,,1
3975,apple,products/download_2_Hvks2C3.jpg,"(0.5, 0.5)",,,1
2362,dog-food,products/Screen_Shot_2021-07-27_at_12.27.01_PM.png,"(0.5, 0.5)",,,1
2357,anise-seed,products/tamara-gak-iwo-ItMFK0A-unsplash.jpg,"(0.5, 0.5)",,,1
2356,cumin-seeds,products/IMG_2790.jpg,"(0.5, 0.5)",,,1
2355,turkish-coffee,products/g√ºnbak-doypack-kahve.png,"(0.5, 0.5)",,,1
2354,pine-wood-mug,products/Screen_Shot_2021-07-26_at_4.07.20_PM.png,"(0.5, 0.5)",,,1
2353,wood-mug,products/Screen_Shot_2021-07-26_at_3.45.40_PM.png,"(0.5, 0.5)",,,1
2352,foot-file,products/WhatsApp-Image-2020-11-20-at-9.19.20-PM-1-150x150.jpg,"(0.5, 0.5)",,,1
2351,foot-file,products/4-2-150x150.jpg,"(0.5, 0.5)",,,1
2350,foot-file,products/WhatsApp-Image-2020-11-20-at-9.21.07-PM-1-150x150.jpg,"(0.5, 0.5)",,,1
2347,sour-cherry-juice-concentrate-juice,products/Screen_Shot_2021-07-23_at_12.23.29_PM.png,"(0.5, 0.5)",,,1
2346,apricot-puree-concentrate-packed-in-drums,products/Screen_Shot_2021-07-23_at_12.12.55_PM.png,"(0.5, 0.5)",,,1
2345,diced-apricots-sulphured,products/Screen_Shot_2021-07-23_at_12.06.52_PM.png,"(0.5, 0.5)",,,1
2344,dried-apricot,products/Screen_Shot_2021-07-23_at_12.01.47_PM.png,"(0.5, 0.5)",,0,1
2343,dried-apricot,products/Screen_Shot_2021-07-23_at_11.55.06_AM.png,"(0.5, 0.5)",,1,1
2342,organic-an-natural-apricots,products/turkel-malatya-apricots-natural-wood-tray.png,"(0.5, 0.5)",,,1
2341,dried-malatya-apricots,products/turkel-malatya-apricots-pvc-tray.png,"(0.5, 0.5)",,,1
2340,early-harvest-extra-virgin-olive-oil,products/Screen_Shot_2021-07-23_at_9.47.29_AM.png,"(0.5, 0.5)",,0,1
2339,early-harvest-extra-virgin-olive-oil,products/Screen_Shot_2021-07-23_at_9.47.46_AM.png,"(0.5, 0.5)",,1,1
2338,natural-extra-virgin-olive-oil,products/Screen_Shot_2021-07-23_at_9.41.21_AM.png,"(0.5, 0.5)",,,1
2337,natural-extra-virgin-olive-oil,products/Screen_Shot_2021-07-23_at_9.41.07_AM.png,"(0.5, 0.5)",,,1
2331,surf-board,products/Screen_Shot_2021-07-22_at_1.46.29_PM.png,"(0.5, 0.5)",,,1
2330,surf-board,products/Screen_Shot_2021-07-22_at_1.48.19_PM.png,"(0.5, 0.5)",,,1
2329,surf-board,products/Screen_Shot_2021-07-22_at_1.46.14_PM.png,"(0.5, 0.5)",,,1
2328,surf-board,products/1571157943426.jpeg,"(0.5, 0.5)",,,1
2327,surf-board,products/Screen_Shot_2021-07-22_at_1.48.40_PM.png,"(0.5, 0.5)",,,1
2326,surf-board,products/Screen_Shot_2021-07-22_at_1.48.02_PM.png,"(0.5, 0.5)",,,1
1904,popcorn,products/Screen_Shot_2021-07-20_at_9.37.39_PM.png,"(0.5, 0.5)",,,1
1903,mash-beans,products/Screen_Shot_2021-07-20_at_9.35.59_PM.png,"(0.5, 0.5)",,,1
1902,bulgur,products/Screen_Shot_2021-07-20_at_9.02.27_PM.png,"(0.5, 0.5)",,,1
1897,whole-carob,products/08_11_13_11900_57cb2407e461012e5312db8dad76aefa.jpg,"(0.5, 0.5)",,,1
1890,wine-cabernet-sauvignon,products/PHOTO-2021-04-07-21-27-09_2.jpg,"(0.5, 0.5)",,,1
1889,rose-bud,products/WhatsApp-Image-2021-06-03-at-20.41.57-230x350.jpg,"(0.5, 0.5)",,,1
1888,organic-rose-water-from-the-origin,products/ambersise-230x350.jpg,"(0.5, 0.5)",,,1
1887,natural-rose-jam,products/f9b42e04-fc95-4ffe-b486-ea029ac1f82d-230x350.jpg,"(0.5, 0.5)",,,1
1886,1-ml-pure-green-rose-oil,products/yesilgulyagi-230x350.jpg,"(0.5, 0.5)",,,1
1873,pure-rose-oil,products/gul_suyu_dogal-3.jpg,"(0.5, 0.5)",,,1
1872,pure-rose-oil,products/guller-ve-gul-yagi-230x350.jpg,"(0.5, 0.5)",,,1
1871,fitted-sheet,products/kimil-textile-fitted-sheet.jpg,"(0.5, 0.5)",,,1
1801,cocoa-hazelnut-duo-cream,products/350gr-22-1.png,"(0.5, 0.5)",,,1
1800,cocoa-hazelnut-duo-cream,products/sevenut-duo-kavanoz-350-gr-KR-201-300x300.jpg,"(0.5, 0.5)",,,1
1799,cocoa-hazelnut-cream,products/350gr-22.png,"(0.5, 0.5)",,,1
1798,cocoa-hazelnut-cream,products/sevenut-kavanoz-350-gr-KR-200-300x300.jpg,"(0.5, 0.5)",,,1
1794,prune-concentrated-juice,products/kuru-erik.jpg,"(0.5, 0.5)",,,1
1793,raisins,products/uzum.jpg,"(0.5, 0.5)",,,1
1790,apricot,products/kayisi.jpg,"(0.5, 0.5)",,,1
1789,fig,products/incir-copy.jpg,"(0.5, 0.5)",,,1
1788,chestnut,products/Screen_Shot_2021-07-13_at_8.50.37_PM.png,"(0.5, 0.5)",,,1
1786,chestnut,products/kestane.jpg,"(0.5, 0.5)",,,1
1785,cherry,products/PHOTO-2020-01-28-13-24-38.jpg,"(0.5, 0.5)",,,1
1784,cherry,products/PHOTO-2020-01-28-13-24-37.jpg,"(0.5, 0.5)",,,1
1783,cherry,products/PHOTO-2020-07-07-15-53-16.jpg,"(0.5, 0.5)",,,1
1782,cherry,products/PHOTO-2020-01-28-13-24-37_2.jpg,"(0.5, 0.5)",,,1
1781,cherry,products/PHOTO-2020-01-30-20-51-53.jpg,"(0.5, 0.5)",,,1
1739,meat-and-edible-offal-of-turkeys-not-cut-in-pieces-fresh-or-chilled,products/fa0d490d-6521-4897-bd05-b83d86d43e64.JPG,"(0.5, 0.5)",,,1
1738,meat-and-edible-offal-of-turkeys-not-cut-in-pieces-fresh-or-chilled,products/0b0cadf9-7433-4f1d-9e15-cec4f169f15e.JPG,"(0.5, 0.5)",,,1
1737,meat-and-edible-offal-of-turkeys-not-cut-in-pieces-fresh-or-chilled,products/133b49fb-1629-427b-8007-34152e15e157.JPG,"(0.5, 0.5)",,,1
1736,meat-and-edible-offal-of-turkeys-not-cut-in-pieces-fresh-or-chilled,products/cb3c2eb4-2168-4b15-8241-f1bcc1af2bdc.JPG,"(0.5, 0.5)",,,1
1735,meat-and-edible-offal-of-turkeys-not-cut-in-pieces-fresh-or-chilled,products/995d4531-399f-4873-9bcd-f1d19c1ab29c.JPG,"(0.5, 0.5)",,,1
